long,None,None,None,None,None,None,None,None,str,None,None,None,None,None,None,None,flags,None,None,None,None,None,None,None,None,str,None,None,None,None,None,None,None,flags,
83,,,,,,,,,"",,,,,,,,0xFF01FC,,,,,,,,,"Это тест.",,,,,,,,0xFF01FE,
84,,,,,,,,,"",,,,,,,,0xFF01FC,,,,,,,,,"Спасибо, что $gнавестил:навестила; меня $N. Приятно знать, что обо мне не забыли.",,,,,,,,0xFF01FE,
85,,,,,,,,,"",,,,,,,,0xFF01FC,,,,,,,,,"Спасибо, что $gнавестил:навестила; меня $N. Приятно знать, что обо мне не забыли.",,,,,,,,0xFF01FE,
86,,,,,,,,,"",,,,,,,,0xFF01FC,,,,,,,,,"Эта безделушка не ответит тебе на все вопросы. Но возможно, она тебя хоть немного развлечет.",,,,,,,,0xFF01FE,
87,,,,,,,,,"",,,,,,,,0xFF01FC,,,,,,,,,"И снова здравствуйте. Я – Груббер Блумп.

Надеюсь, у вас все хорошо, и вы не забросили рыбалку. Я люблю рыбалку, и вся моя семья известна как умелые рыболовы. Вот вам небольшая безделушка, чтобы клевало лучше, я, когда рыбачу, всегда ее использую. Удачи, и еще раз спасибо, что помогли мне наловить окуней.

Рыбачьте с удовольствием! 

Груббер Блумп.",,,,,,,,0xFF01FE,
88,,,,,,,,,"",,,,,,,,0xFF01FC,,,,,,,,,"Спасибо, что $gнавестил:навестила; меня $N. Приятно знать, что обо мне не забыли.",,,,,,,,0xFF01FE,
89,,,,,,,,,"",,,,,,,,0xFF01FC,,,,,,,,,"Спасибо, что $gнавестил:навестила; меня $N. Приятно знать, что обо мне не забыли.",,,,,,,,0xFF01FE,
90,,,,,,,,,"",,,,,,,,0xFF01FC,,,,,,,,,"Спасибо, что $gнавестил:навестила; меня $N. Приятно знать, что обо мне не забыли.",,,,,,,,0xFF01FE,
91,,,,,,,,,"",,,,,,,,0xFF01FC,,,,,,,,,"Эта безделушка не ответит тебе на все вопросы. Но возможно, она тебя хоть немного развлечет.",,,,,,,,0xFF01FE,
92,,,,,,,,,"",,,,,,,,0xFF01FC,,,,,,,,,"Спасибо, что $gнавестил:навестила; меня $N. Приятно знать, что обо мне не забыли.",,,,,,,,0xFF01FE,
93,,,,,,,,,"",,,,,,,,0xFF01FC,,,,,,,,,"$gУважаемый:Уважаемая; $N! $B$BЯ пролистал ту кипу текстов, которую вы мне принесли, и расшифровал для вас приложенные статьи. Я тщательно выбрал те пункты, которые, как я считаю, будут вам полезны. Было весьма проблематично добраться до почтового ящика незамеченным, но за месяцы, проведенные в пустыне, я добился в этом искусстве немалых успехов.$B$BНадеюсь, вы останетесь довольны.$B$B-Ортелл",,,,,,,,0xFF01FE,
94,,,,,,,,,"",,,,,,,,0xFF01FC,,,,,,,,,"Приветствую, $n!$B$BЯ уже вполне овладел искусством прокрадываться в крепость Кенария, и втихую пользоваться их почтовым ящиком. Так же прилагаю к письму кое-какие интересные заметки. Надеюсь, что-нибудь из этого будет полезным.$B$B-Ортелл",,,,,,,,0xFF01FE,
95,,,,,,,,,"",,,,,,,,0xFF01FC,,,,,,,,,"Спасибо, что $gнавестил:навестила; меня $N. Приятно знать, что обо мне не забыли.",,,,,,,,0xFF01FE,
96,,,,,,,,,"",,,,,,,,0xFF01FC,,,,,,,,,"Спасибо, что $gнавестил:навестила; меня $N. Приятно знать, что обо мне не забыли.",,,,,,,,0xFF01FE,
97,,,,,,,,,"",,,,,,,,0xFF01FC,,,,,,,,,"Спасибо, что $gнавестил:навестила; меня $N. Приятно знать, что обо мне не забыли.",,,,,,,,0xFF01FE,
98,,,,,,,,,"",,,,,,,,0xFF01FC,,,,,,,,,"Для того чтобы разобрать письмена верховного вождя, потребовалось много времени. Но то, что удалось разобрать, меня весьма обеспокоило. Верховный вождь племени Зимней Спячки в последние дни впал в крайнюю степень паранойи и к тому же чрезмерно увлекся тем, что он называл ""огненной водой"". Настолько, что начал считать всех окружающих врагами. Но лучше прочитайте это сами, я приложил перевод его речей к этому письму. Если вам потребуется еще что-нибудь, – обращайтесь!",,,,,,,,0xFF01FE,
99,,,,,,,,,"",,,,,,,,0xFF01FC,,,,,,,,,"Благодарим за то, что вы возобновили членство в Объединенной инженерной гильдии. Мы счастливы снова видеть вас в наших рядах. Просим принять этот дар, в знак нашей признательности, за ваш вклад в развитие гномьего инженерного дела.",,,,,,,,0xFF01FE,
100,,,,,,,,,"",,,,,,,,0xFF01FC,,,,,,,,,"Благодарим за то, что вы возобновили членство в Объединенной инженерной гильдии. Мы счастливы снова видеть вас в наших рядах. Просим принять этот дар, в знак нашей признательности, за ваш вклад в развитие гномьего инженерного дела.",,,,,,,,0xFF01FE,
101,,,,,,,,,"",,,,,,,,0xFF01FC,,,,,,,,,"Друг мой! Хотя я и утомлен очередным сражением в Чумных землях, но не настолько, чтобы забыть черкнуть пару строк такому герою как вы. Мне приятно признать, что оказанная вами услуга продолжает приносить плоды, причем нашими усилиями практически ежедневно.

Если вы вдруг окажетесь в Западных Чумных землях, заверните в Бастион. Мы бы с огромной радостью приняли вас в наш отряд!

Ваш во Тьме:
Верховный палач Деррингтон",,,,,,,,0xFF01FE,
102,,,,,,,,,"",,,,,,,,0xFF01FC,,,,,,,,,"Хо-Хо! Привет, $N!Я надеюсь, ты весело отмечаешь Зимний Покров!$B$BС твоей стороны было так любезно помочь мне, зная мое пристрастие к сладкому, что я решил в благодарность прислать тебе совершенно особенное лакомство. Это одна из восхитительных сластей Пастбищ Дымного Леса. Если ты до сих пор их не $gпробовал:пробовала;, спеши отведать этих деликатесов, пока праздники не прошли.$B$BЖелаю приятно провести время!..$BДедушка Зима",,,,,,,,0xFF01FE,
103,,,,,,,,,"",,,,,,,,0xFF01FC,,,,,,,,,"Благодарим за то, что вы возобновили членство в Экспериментально-технической корпорации гоблинов. Мы счастливы снова видеть вас в наших рядах. Просим принять этот дар, в знак нашей признательности, за ваш вклад в развитие гоблинского инженерного дела.",,,,,,,,0xFF01FE,
104,,,,,,,,,"",,,,,,,,0xFF01FC,,,,,,,,,"Благодарим за то, что вы возобновили членство в Экспериментально-технической корпорации гоблинов. Мы счастливы снова видеть вас в наших рядах. Просим принять этот дар, в знак нашей признательности, за ваш вклад в развитие гоблинского инженерного дела.",,,,,,,,0xFF01FE,
105,,,,,,,,,"<UNUSED>",,,,,,,,0xFF01FE,,,,,,,,,"Это письмо было отправлено вам, так как вы заказывали виагру! Читать далее",,,,,,,,0xFF01FE,
106,,,,,,,,,"",,,,,,,,0xFF01FC,,,,,,,,,"Ох! Кролики вернулись! НЕТ! Теперь вам тут делать нечего...",,,,,,,,0xFF01FE,
107,,,,,,,,,"",,,,,,,,0xFF01FC,,,,,,,,,"Приветствую Вас, друг мой – хоть я и изнурен очередным сражением в руинах Лордерона, но не настолько, чтобы не черкнуть пару строк такому герою как Вы. Мне приятно признать, что оказанная Вами услуга продолжает приносить плоды, причем практически ежедневно.

Если Вы вдруг окажетесь в Западных Чумных землях, не проходите мимо. Мы бы с огромной радостью приняли Вас в наш отряд!

За Штормград!
Командир Ашлам Неутомимый",,,,,,,,0xFF01FE,
108,,,,,,,,,"",,,,,,,,0xFF01FC,,,,,,,,,"Хо-Хо! И снова здравствуй, $N! $B$B, Хоть мы с ребятами из Пастбищ Дымного Леса и были заняты в этом сезоне, посылаю тебе особенный подарочек. Я думаю, тебе будет приятно узнать, что мы разморозили Сакса в Альтеракских горах; он просит тебе кланяться.$B$BЧтобы освободить его, мы использовали новое устройство, которое, я думаю, тебе понравится. Чтобы его запустить, тебе понадобится снежок.$B$BДедушка Зима",,,,,,,,0xFF01FE,
109,,,,,,,,,"",,,,,,,,0xFF01FC,,,,,,,,,"Приветствую, друг мой! Надеюсь, у тебя все в порядке.$B$BЯ тут подумал, что стоит тебя поблагодарить за твой неоценимый вклад в борьбу против Хаккара. Надеюсь мы скоро увидимся снова, как только Кровавый бог будет повержен. Мы очень жалеем о вашем отсутсвии.$b$BПрикладываю к письму Почетный Знак как скромную награду за то, что ты для нас сделал. Сообща мы раз и навсегда уничтожим Хаккара!$B$BДа благословит тебя Занза!$B Винчакса, Слуга Занзы.",,,,,,,,0xFF01FE,
110,,,,,,,,,"",,,,,,,,0xFF01FC,,,,,,,,,"$gУважаемый:Уважаемая; $N! $B$BИнформация, которую вы представили нам, – чрезвычайно важна. Я уже призвал изменить наши планы сражения, в связи с присутствием на поле битвы Сумеречного Молота. $B$BПожалуйста, примите этот знак как маленький символ нашей благодарности. Я надеюсь, мы можем и дальше рассчитывать на вас? В борьбе с Силитусом, нам необходим такой отважный и умелый союзник.$B$BС уважением, $B$BКомандир Мар'алит",,,,,,,,0xFF01FE,
111,,,,,,,,,"",,,,,,,,0xFF01FC,,,,,,,,,"Надеюсь у вас все хорошо, друг мой, и борьба на стороне Орды идет вам на пользу. Жду, не дождусь, когда другие увидят вас во всем блеске и славе, не хуже любого из воинов Грома Адского Крика.$B$BЯ благодарен вам за ту доброту, что вы проявили не только ко мне, но и к памяти Грома на Неделе урожая. Посылаю вам небольшой, подарок, который, я надеюсь, вам окажется полезным.$B$BЗа Орду!$BЯвнир",,,,,,,,0xFF01FE,
112,,,,,,,,,"",,,,,,,,0xFF01FC,,,,,,,,,"Мои поздравления, юный друид! 

Я весьма доволен твоей усердной учебой и теперь тебе оказана великая честь, – стать одним из нас. Теперь ты получишь задания потруднее, но следующее возникнет не раньше, чем ты достигнешь 14-го уровня. Когда будешь готов, найдешь меня в Анклаве Кенария в Дарнасе. 

Матренгил Медвежья Лапа",,,,,,,,0xFF01FE,
113,,,,,,,,,"",,,,,,,,0xFF01FC,,,,,,,,,"Надеюсь у вас все хорошо, друг мой, и борьба на стороне Альянса идет вам на пользу. Жду не дождусь, когда другие увидят вас во всем блеске и славе, не хуже любого из воинов Утера Светоносца.$B$BЯ благодарен вам за ту доброту, что вы проявили не только ко мне, но и к памяти Утера на Неделе урожая. Посылаю вам небольшой подарок, который, я надеюсь, вам окажется полезным.$B$BВо имя Молота Бронзоборода!$BВагнер",,,,,,,,0xFF01FE,
114,,,,,,,,,"",,,,,,,,0xFF01FC,,,,,,,,,"Мои поздравления, юный друид!

Посылаю тебе это письмо чтобы напомнить, что неплохо бы время от времени связываться со мной, пока ты постигаешь наше искусство. Тебе еще много предстоит изучить, на службе Кенарию, и я буду только рад помочь тебе в этом. Скоро ты узнаешь, как принимать свой водный облик... Разыщи меня, когда достигнешь 16-го уровня и я помогу тебе овладеть другими премудростями.

Тюрак Рунический Тотем",,,,,,,,0xFF01FE,
115,,,,,,,,,"",,,,,,,,0xFF01FC,,,,,,,,,"Мои поздравления, юный друид!

Посылаю тебе это письмо чтобы напомнить, что неплохо бы время от времени связываться со мной, пока ты постигаешь наше искусство. Тебе еще много предстоит изучить, на службе Кенарию, и я буду только рад помочь тебе в этом. Скоро ты узнаешь, как принимать свой водный облик... Разыщи меня, когда достигнешь 16-го уровня и я помогу тебе овладеть другими премудростями.

Матренгил Медвежий Шаг",,,,,,,,0xFF01FE,
116,,,,,,,,,"",,,,,,,,0xFF01FC,,,,,,,,,"Мои поздравления, юный друид! 

Я весьма доволен твоей усердной учебой и теперь тебе оказана великая честь, – стать одним из нас. Теперь ты получишь задания потруднее, но следующее возникнет не раньше, чем ты достигнешь 14-го уровня. Когда будешь готов, найдешь меня на Вершине Старейшин Громового Утеса. 

Тюрак Рунический Тотем",,,,,,,,0xFF01FE,
117,,,,,,,,,"",,,,,,,,0xFF01FC,,,,,,,,,"Хо-Хо! И снова здравствуй, $N! $B$B, Хоть мы с ребятами из Пастбищ Дымного Леса и были заняты в этом сезоне, посылаю тебе особенный подарочек. Я думаю, тебе будет приятно узнать, что мы разморозили Сакса в Альтеракских горах; он просит тебе кланяться.$B$BЧтобы освободить его, мы использовали новое устройство, которое, я думаю, тебе понравится. Чтобы его запустить, тебе понадобится снежок.$B$BДедушка Зима",,,,,,,,0xFF01FE,
118,,,,,,,,,"",,,,,,,,0xFF01FC,,,,,,,,,"Хо-Хо! Привет, $N!Я надеюсь, ты весело отмечаешь Зимний Покров!$B$BС твоей стороны было так любезно помочь мне, зная мое пристрастие к сладкому, что я решил в благодарность прислать тебе совершенно особенное лакомство. Это одна из восхитительных сластей Пастбищ Дымного Леса. Если ты до сих пор их не $gпробовал:пробовала;, спеши отведать этих деликатесов, пока праздники не прошли.$B$BЖелаю приятно провести время!..$BДедушка Зима",,,,,,,,0xFF01FE,
119,,,,,,,,,"",,,,,,,,0xFF01FC,,,,,,,,,"Привет еще раз! Я только хотел поставить тебя в известность, что дела у нас в Крепости Оперенной Луны идут замечательно. Я сумел пустить в дело некоторое количество кожи. Спасибо, что $gпомог:помогла;!$B$BУ меня даже осталось немного кожи, так что я наверное расплачусь с тобой за помощь чем-нибудь особенным. Окажешься в наших краях, заглядывай!$B$BТвой друг.$BПратт.",,,,,,,,0xFF01FE,
120,,,,,,,,,"",,,,,,,,0xFF01FC,,,,,,,,,"Привет еще раз! Я только хотел поставить тебя в известность, что дела у нас в Лагере Мохаче идут замечательно. Я сумел пустить в дело некоторое количество кожи. Cпасибо, что $gпомог:помогла;!$B$BУ меня даже осталось немного кожи, так что я, наверное, расплачусь с тобой за помощь чем-нибудь особенным. Окажешься в наших краях, заглядывай!$B$BМира тебе и твоим предкам!$BДжангор",,,,,,,,0xFF01FE,
121,,,,,,,,,"",,,,,,,,0xFF01FC,,,,,,,,,"Эта безделушка не ответит тебе на все вопросы. Но возможно, она тебя хоть немного развлечет.",,,,,,,,0xFF01FE,
122,,,,,,,,,"",,,,,,,,0xFF01FC,,,,,,,,,"$N – $B$BЯ еще раз хотел поблагодарить за спасение Метцена из лап похитителей. Поверь мне, отныне в Пастбищах Дымного Леса у тебя есть должник.$B$BКстати о долгах... шеф-повар Гракку работает над новым рецептом, и, сдается мне, ты останешься $gдоволен:довольна;, сняв пробу! Счастливого Зимнего Покрова!$B$BДа не оскудеет твоя мошна!$BВулморт Деньгозвон",,,,,,,,0xFF01FE,
123,,,,,,,,,"",,,,,,,,0xFF01FC,,,,,,,,,"Герой! $B$BСиние драконы полагают, что вам уготована великая судьба!$B$BЧто бы там не говорили, наш мир нуждается в таких как вы. В годину бедствий, когда падет Калимдор, вспомните все те странствия, испытания, и несчастья, которые вы претерпели ради старого гнома, и позвольте этим воспоминаниям поднять ваш дух.$B$BС уважением,$B$BНарайн Причудень.$B$BP.S. Мои соболезнования по поводу цены ремонта.",,,,,,,,0xFF01FE,
124,,,,,,,,,"",,,,,,,,0xFF01FC,,,,,,,,,"Спасибо, что $gнавестил:навестила; меня $N. Приятно знать, что обо мне не забыли.",,,,,,,,0xFF01FE,
125,,,,,,,,,"",,,,,,,,0xFF01FC,,,,,,,,,"Спасибо, что $gнавестил:навестила; меня $N. Приятно знать, что обо мне не забыли.",,,,,,,,0xFF01FE,
126,,,,,,,,,"",,,,,,,,0xFF01FC,,,,,,,,,"Спасибо, что $gнавестил:навестила; меня $N. Приятно знать, что обо мне не забыли.",,,,,,,,0xFF01FE,
127,,,,,,,,,"",,,,,,,,0xFF01FC,,,,,,,,,"Спасибо, что $gнавестил:навестила; меня $N. Приятно знать, что обо мне не забыли.",,,,,,,,0xFF01FE,
128,,,,,,,,,"",,,,,,,,0xFF01FC,,,,,,,,,"Спасибо, что $gнавестил:навестила; меня $N. Приятно знать, что обо мне не забыли.",,,,,,,,0xFF01FE,
129,,,,,,,,,"",,,,,,,,0xFF01FC,,,,,,,,,"Спасибо, что $gнавестил:навестила; меня $N. Приятно знать, что обо мне не забыли.",,,,,,,,0xFF01FE,
130,,,,,,,,,"",,,,,,,,0xFF01FC,,,,,,,,,"Спасибо, что $gнавестил:навестила; меня $N. Приятно знать, что обо мне не забыли.",,,,,,,,0xFF01FE,
131,,,,,,,,,"",,,,,,,,0xFF01FC,,,,,,,,,"Огромное спасибо, что $gнавестил:навестила; меня сегодня, прошу тебя, возьми это как подарок к Празднику луны.",,,,,,,,0xFF01FE,
132,,,,,,,,,"",,,,,,,,0xFF01FC,,,,,,,,,"Эта безделушка не ответит тебе на все вопросы. Но возможно, она тебя хоть немного развлечет.",,,,,,,,0xFF01FE,
133,,,,,,,,,"",,,,,,,,0xFF01FC,,,,,,,,,"Огромное спасибо, что $gнавестил:навестила; меня сегодня, прошу тебя, возьми это как подарок к Празднику луны.",,,,,,,,0xFF01FE,
134,,,,,,,,,"",,,,,,,,0xFF01FC,,,,,,,,,"Огромное спасибо, что $gнавестил:навестила; меня сегодня, прошу тебя, возьми это как подарок к Празднику луны.",,,,,,,,0xFF01FE,
135,,,,,,,,,"",,,,,,,,0xFF01FC,,,,,,,,,"Огромное спасибо, что $gнавестил:навестила; меня сегодня, прошу тебя, возьми это как подарок к Празднику луны.",,,,,,,,0xFF01FE,
136,,,,,,,,,"",,,,,,,,0xFF01FC,,,,,,,,,"Огромное спасибо, что $gнавестил:навестила; меня сегодня, прошу тебя, возьми это как подарок к Празднику луны.",,,,,,,,0xFF01FE,
137,,,,,,,,,"",,,,,,,,0xFF01FC,,,,,,,,,"Эта безделушка не ответит тебе на все вопросы. Но возможно, она тебя хоть немного развлечет.",,,,,,,,0xFF01FE,
138,,,,,,,,,"",,,,,,,,0xFF01FC,,,,,,,,,"Эта безделушка не ответит тебе на все вопросы. Но возможно, она тебя хоть немного развлечет.",,,,,,,,0xFF01FE,
139,,,,,,,,,"",,,,,,,,0xFF01FC,,,,,,,,,"Эта безделушка не ответит тебе на все вопросы. Но возможно, она тебя хоть немного развлечет.",,,,,,,,0xFF01FE,
140,,,,,,,,,"",,,,,,,,0xFF01FC,,,,,,,,,"Эта безделушка не ответит тебе на все вопросы. Но возможно, она тебя хоть немного развлечет.",,,,,,,,0xFF01FE,
141,,,,,,,,,"",,,,,,,,0xFF01FC,,,,,,,,,"Эта безделушка не ответит тебе на все вопросы. Но возможно, она тебя хоть немного развлечет.",,,,,,,,0xFF01FE,
142,,,,,,,,,"",,,,,,,,0xFF01FC,,,,,,,,,"Эта безделушка не ответит тебе на все вопросы. Но возможно, она тебя хоть немного развлечет.",,,,,,,,0xFF01FE,
143,,,,,,,,,"",,,,,,,,0xFF01FC,,,,,,,,,"Огромное спасибо, что $gнавестил:навестила; меня сегодня, прошу тебя, возьми это как подарок к Празднику луны.",,,,,,,,0xFF01FE,
144,,,,,,,,,"",,,,,,,,0xFF01FC,,,,,,,,,"Огромное спасибо, что $gнавестил:навестила; меня сегодня, прошу тебя, возьми это как подарок к Празднику луны.",,,,,,,,0xFF01FE,
145,,,,,,,,,"",,,,,,,,0xFF01FC,,,,,,,,,"Огромное спасибо, что $gнавестил:навестила; меня сегодня, прошу тебя, возьми это как подарок к Празднику луны.",,,,,,,,0xFF01FE,
146,,,,,,,,,"",,,,,,,,0xFF01FC,,,,,,,,,"Огромное спасибо, что $gнавестил:навестила; меня сегодня, прошу тебя, возьми это как подарок к Празднику луны.",,,,,,,,0xFF01FE,
147,,,,,,,,,"",,,,,,,,0xFF01FC,,,,,,,,,"Огромное спасибо, что $gнавестил:навестила; меня сегодня, прошу тебя, возьми это как подарок к Празднику луны.",,,,,,,,0xFF01FE,
148,,,,,,,,,"",,,,,,,,0xFF01FC,,,,,,,,,"Огромное спасибо, что $gнавестил:навестила; меня сегодня, прошу тебя, возьми это как подарок к Празднику луны.",,,,,,,,0xFF01FE,
149,,,,,,,,,"",,,,,,,,0xFF01FC,,,,,,,,,"Огромное спасибо, что $gнавестил:навестила; меня сегодня, прошу тебя, возьми это как подарок к Празднику луны.",,,,,,,,0xFF01FE,
150,,,,,,,,,"",,,,,,,,0xFF01FC,,,,,,,,,"Огромное спасибо, что $gнавестил:навестила; меня сегодня, прошу тебя, возьми это как подарок к Празднику луны.",,,,,,,,0xFF01FE,
151,,,,,,,,,"",,,,,,,,0xFF01FC,,,,,,,,,"Огромное спасибо, что $gнавестил:навестила; меня сегодня, прошу тебя, возьми это как подарок к Празднику луны.",,,,,,,,0xFF01FE,
152,,,,,,,,,"",,,,,,,,0xFF01FC,,,,,,,,,"Огромное спасибо, что $gнавестил:навестила; меня сегодня, прошу тебя, прими это как подарок к Празднику луны.",,,,,,,,0xFF01FE,
153,,,,,,,,,"",,,,,,,,0xFF01FC,,,,,,,,,"Эта безделушка не ответит тебе на все вопросы. Но возможно, она тебя хоть немного развлечет.",,,,,,,,0xFF01FE,
154,,,,,,,,,"",,,,,,,,0xFF01FC,,,,,,,,,"Эта безделушка не ответит тебе на все вопросы. Но возможно, она тебя хоть немного развлечет.",,,,,,,,0xFF01FE,
155,,,,,,,,,"",,,,,,,,0xFF01FC,,,,,,,,,"Эта безделушка не ответит тебе на все вопросы. Но возможно, она тебя хоть немного развлечет.",,,,,,,,0xFF01FE,
156,,,,,,,,,"",,,,,,,,0xFF01FC,,,,,,,,,"Эта безделушка не ответит тебе на все вопросы. Но возможно, она тебя хоть немного развлечет.",,,,,,,,0xFF01FE,
157,,,,,,,,,"",,,,,,,,0xFF01FC,,,,,,,,,"Эта безделушка не ответит тебе на все вопросы. Но возможно, она тебя хоть немного развлечет.",,,,,,,,0xFF01FE,
158,,,,,,,,,"",,,,,,,,0xFF01FC,,,,,,,,,"Огромное спасибо, что $gнавестил:навестила; меня сегодня, прошу тебя, возьми это как подарок к Празднику луны.",,,,,,,,0xFF01FE,
159,,,,,,,,,"",,,,,,,,0xFF01FC,,,,,,,,,"Огромное спасибо, что $gнавестил:навестила; меня сегодня, прошу тебя, возьми это как подарок к Празднику луны.",,,,,,,,0xFF01FE,
160,,,,,,,,,"",,,,,,,,0xFF01FC,,,,,,,,,"Эта безделушка не ответит тебе на все вопросы. Но возможно, она тебя хоть немного развлечет.",,,,,,,,0xFF01FE,
161,,,,,,,,,"",,,,,,,,0xFF01FC,,,,,,,,,"$N – $B$BЯ еще раз хотел поблагодарить за спасение Метцена из лап похитителей. Поверь мне, отныне в Пастбищах Дымного Леса у тебя есть должник.$B$BКстати о долгах... шеф-повар Гракку работает над новым рецептом, и, сдается мне, ты останешься $gдоволен:довольна;, сняв пробу! Счастливого Зимнего Покрова!$B$BДа не оскудеет твоя мошна!$BВулморт Деньгозвон",,,,,,,,0xFF01FE,
162,,,,,,,,,"Новое письмо.",,,,,,,,0xFF01FE,,,,,,,,,"Нужно установить последовательность перехода.",,,,,,,,0xFF01FE,
165,,,,,,,,,"iiiiiiiiiiiiiiiiiiiiiiiiiiiiiiiiiiiiiiiiiiiiiiiiiiiiiiiiiiiiiii",,,,,,,,0xFF01FE,,,,,,,,,"Йо!",,,,,,,,0xFF01FE,
166,,,,,,,,,"iiiiiiiiiiiiiiiiiiiiiiiiiiiiiiiiiiiiiiiiiiiiiiiiiiiiiiiiiiiiiii",,,,,,,,0xFF01FE,,,,,,,,,"ab",,,,,,,,0xFF01FE,
167,,,,,,,,,"<UNUSED>",,,,,,,,0xFF01FE,,,,,,,,,"Это письмо было отправлено вам, так как вы заказывали виагру! Читать далее",,,,,,,,0xFF01FE,
168,,,,,,,,,"",,,,,,,,0xFF01FE,,,,,,,,,"Спасибо, что $gнавестил:навестила; меня $N. Приятно знать, что обо мне не забыли.",,,,,,,,0xFF01FE,
169,,,,,,,,,"Проверочное письмо",,,,,,,,0xFF01FE,,,,,,,,,"Это тест системы экстренных сообщений.",,,,,,,,0xFF01FE,
170,,,,,,,,,"asdjaksld dsf as -",,,,,,,,0xFF01FE,,,,,,,,,"Привет. О чем этот ты тут распинаешься? Еще не все потеряно?",,,,,,,,0xFF01FE,
171,,,,,,,,,"Серебряный Рассвет нуждается в вас!",,,,,,,,0xFF01FE,,,,,,,,,"$N$B$BКак можно быстрее прочтите приложенное письмо. Серебряному Рассвету нужна ваша помощь!",,,,,,,,0xFF01FE,
172,,,,,,,,,"Отчет об исследованиях",,,,,,,,0xFF01FE,,,,,,,,,"$n!$B$BПолучен отчет о документах, добытых тобой у Плети. Ничего срочного, просто подумалось, что ты захочешь взглянуть.$B$BБлагодарю за верную службу.$bХранитель Архивов$bСеребряный Рассвет",,,,,,,,0xFF01FE,
173,,,,,,,,,"Отчет об исследованиях",,,,,,,,0xFF01FE,,,,,,,,,"$n!$B$BПолучен отчет о документах, добытых тобой у Плети. Ничего срочного, просто подумалось, что ты захочешь взглянуть.$B$BБлагодарю за верную службу.$bХранитель Архивов$bСеребряный Рассвет",,,,,,,,0xFF01FE,
174,,,,,,,,,"Отчет об исследованиях",,,,,,,,0xFF01FE,,,,,,,,,"$n!$B$BПолучен отчет о документах, добытых тобой у Плети. Ничего срочного, просто подумалось, что ты захочешь взглянуть.$B$BБлагодарю за верную службу.$bХранитель Архивов$bСеребряный Рассвет",,,,,,,,0xFF01FE,
175,,,,,,,,,"Отчет об исследованиях",,,,,,,,0xFF01FE,,,,,,,,,"$n!$B$BПолучен отчет о документах, добытых тобой у Плети. Ничего срочного, просто подумалось, что ты захочешь взглянуть.$B$BБлагодарю за верную службу.$bХранитель Архивов$bСеребряный Рассвет",,,,,,,,0xFF01FE,
176,,,,,,,,,"Отчет об исследованиях",,,,,,,,0xFF01FE,,,,,,,,,"$n!$B$BПолучен отчет о документах, добытых тобой у Плети. Ничего срочного, просто подумалось, что ты захочешь взглянуть.$B$BБлагодарю за верную службу.$bХранитель Архивов$bСеребряный Рассвет",,,,,,,,0xFF01FE,
177,,,,,,,,,"Отчет об исследованиях",,,,,,,,0xFF01FE,,,,,,,,,"$n!$B$BПолучен отчет о документах, добытых тобой у Плети. Ничего срочного, просто подумалось, что ты захочешь взглянуть.$B$BБлагодарю за верную службу.$bХранитель Архивов$bСеребряный Рассвет",,,,,,,,0xFF01FE,
178,,,,,,,,,"Подарок",,,,,,,,0xFF01FE,,,,,,,,,"Благодарим вас за то, что вы играете в World of Warcraft!",,,,,,,,0xFF01FE,
179,,,,,,,,,"Поздравляем победителя лотереи!",,,,,,,,0xFF01FE,,,,,,,,,"Вот твоя награда, $Gвезунчик:счастливица;! Не трать все в одном месте...",,,,,,,,0xFF01FE,
180,,,,,,,,,"Срочное извещение",,,,,,,,0xFF01FE,,,,,,,,,"Вскрыть немедленно.",,,,,,,,0xFF01FE,
181,,,,,,,,,"Найденные чары",,,,,,,,0xFF01FE,,,,,,,,,"Во время систематического изучения Пустоты мы наткнулись на следующие реагенты. Доброго дня и... пожалуйста, будьте осторожнее с магией.",,,,,,,,0xFF01FE,
182,,,,,,,,,"Поздравляю!",,,,,,,,0xFF01FE,,,,,,,,,"Вы выиграли дракона Пустоты. Кстати о птичках, бронированного дракона Пустоты.",,,,,,,,0xFF01FE,
183,,,,,,,,,"Письмо из Шаттрата",,,,,,,,0xFF01FE,,,,,,,,,"Вы получили письмо от Кадгара.",,,,,,,,0xFF01FE,
184,,,,,,,,,"Спасибо!",,,,,,,,0xFF01FE,,,,,,,,,"$N!$B$BСпасибо тебе за прекрасный выходной! Представляешь, сам Предсказатель Нобундо приходил к попечительнице сирот и просил разрешения забрать меня на учебу в Экзодаре!$B$BСпасибо за то, что ты $gпоказал:показала; мне такие красивые места – Ритуальный Круг, Темный портал и Пещеры времени – и $gпозволил:позволила; повидаться с моим братиком, Джилом. $B$BКстати, я надеюсь, что ты хорошо заботишься о моем питомце. Скажи ему, что я тоже по нему скучаю!$B$BС любовью,$B$BДорнаа",,,,,,,,0xFF01FE,
185,,,,,,,,,"Спасибо!",,,,,,,,0xFF01FE,,,,,,,,,"$gДорогой:Дорогая; $N!$B$BСпасибо тебе за прекрасный выходной! Представляешь, сама леди Лиадрин приходила к попечительнице сирот и просила разрешения забрать меня к себе, чтобы я могла учиться в Луносвете!$B$BСпасибо за то, что ты $gпоказал:показала; мне такие красивые места – Трон Стихий, Темный портал и Пещеры времени – и $gпозволил:позволила; повидаться с моей подругой, Хч'уу. А еще мне очень понравился игрушечный дракон!$B$Передай ему, что я тоже по нему скучаю!$B$BС любовью,$B$BСаландрия",,,,,,,,0xFF01FE,
186,,,,,,,,,"Счастливая монета",,,,,,,,0xFF01FE,,,,,,,,,"Обшаривая Круговерть Пустоты, мы нашли счастливую монету. Сдается мне, это ваша? Всего наилучшего!",,,,,,,,0xFF01FE,
187,,,,,,,,,"Счастливого Зимнего Покрова!",,,,,,,,0xFF01FE,,,,,,,,,"Пожалуйста, свари себе обжигающего яблочного сидра со специями и угости друзей! Счастливых праздников.",,,,,,,,0xFF01FE,
188,,,,,,,,,"Счастливого Зимнего Покрова!",,,,,,,,0xFF01FE,,,,,,,,,"Пожалуйста, сшей зеленые зимние одежды себе и друзьям! Счастливых праздников.",,,,,,,,0xFF01FE,
189,,,,,,,,,"Потерянный дракон Крыла Пустоты",,,,,,,,0xFF01FE,,,,,,,,,"Мне недавно пришлось подобрать этого дракончика потерявшегося в Пустоте. Сдается мне, это ваша зверюшка. Хотя в кармане его не унесешь...$B$BУдачи вам с вашим злющим питомцем, ему очень нужен новый дом.",,,,,,,,0xFF01FE,
190,,,,,,,,,"Закрытие банка гильдии",,,,,,,,0xFF01FE,,,,,,,,,"После закрытия банка вашей гильдии вам достались некоторые ценности из его сейфов.",,,,,,,,0xFF01FE,
191,,,,,,,,,"Счастливого Зимнего Покрова!",,,,,,,,0xFF01FE,,,,,,,,,"Пожалуйста, сшейте, для себя и для друзей Красные зимние одежды и наслаждайтесь праздниками.",,,,,,,,0xFF01FE,
192,,,,,,,,,"Счастливого Зимнего Покрова!",,,,,,,,0xFF01FE,,,,,,,,,"Пожалуйста, сшей теплые зимние сапоги себе и друзьям! Счастливых праздников.",,,,,,,,0xFF01FE,
193,,,,,,,,,"Письмо от верховного мага Малина",,,,,,,,0xFF01FE,,,,,,,,,"Здравствуй, $N!,$B$BКомандир Лазурная Сталь передал мне письмо дочери, отдельно упомянув, что получил его из твоих рук.$B$BЯ хочу поблагодарить тебя за то, что ты $gнашел:нашла; время передать его мне. Я знаю, что для вас, храбрецов из Нордскола, сейчас настали нелегкие времена.$B$B$gБудь уверен:Будь уверена;, я отомщу за ее гибель. Род синих драконов поплатится за то, что они сделали с моей маленькой Эмми!$B$BСо всем уважением,$B$BВерховный маг Малин.",,,,,,,,0xFF01FE,
194,,,,,,,,,"Письмо от Дейно",,,,,,,,0xFF01FE,,,,,,,,,"$gДорогой:Дорогая; $N!$B$BКомандир Агмар передал мне письмо от моего брата, отдельно упомянув, что получил его из твоих рук.$B$BЯ хочу поблагодарить тебя за то, что ты $gнашел:нашла; время передать его мне. Я знаю, что для вас, храбрецов из Нордскола, сейчас настали нелегкие времена.$B$B$gБудь уверен:Будь уверена;, я отомщу за его гибель. Род синих драконов поплатится за то, что они сделали с моим дорогим Та'зинни!$B$BСо всем уважением,$B$BДейно",,,,,,,,0xFF01FE,
195,,,,,,,,,"Гербовая накидка участника соревнований",,,,,,,,0xFF01FE,,,,,,,,,"Вы храбро бились с неприятелем на поле боя и изумили Духов Соперничества... Поразительно! В награду они отправляют вам гербовую накидку участника соревнований. Носите ее гордо!",,,,,,,,0xFF01FE,
196,,,,,,,,,"Посещение",,,,,,,,0xFF01FE,,,,,,,,,"Вас посетил Дух Соперничества, замаскированный под обычный конверт.",,,,,,,,0xFF01FE,
197,,,,,,,,,"С новым годом, с новым пивом!",,,,,,,,0xFF01FE,,,,,,,,,"Приветствуем вас, $n!$b$bНадеемся, что прошлый год оставил у вас только приятные воспоминания, ибо все прочие легко прогнать, заглянув к нашим распространителям и угостившись последним пивом уходящего года: ""Горьким стаутом Бартлетта"". Несравненный вкус и тяжелый удар по печени!$b$b Не забудьте поделиться этими дегустационными образцами со своими друзьями!$b$bКлуб ""Пиво месяца"".",,,,,,,,0xFF01FE,
198,,,,,,,,,"Про это пиво нельзя забыть",,,,,,,,0xFF01FE,,,,,,,,,"$n!$b$b Знаете ли вы, что некоторое пиво только улучшается при выдержке? Но хватит ли выдержки у вас самих, чтобы не отведать наше новое пиво прямо сейчас?$b$bНе забывайте – если вам понравились дегустационные образцы, вы всегда можете приобрести больше пива у наших распространителей.$b$bНаслаждайтесь!$b$bКлуб ""Пиво месяца"".",,,,,,,,0xFF01FE,
199,,,,,,,,,"Выпьем до дна!",,,,,,,,0xFF01FE,,,,,,,,,"Приветствуем вас, $n!$b$bВсе мы любим ароматизированное пиво – и нет для этого напитка лучшей добавки, чем мед. Его сладкий аромат любят все живые существа от мала до велика. Попробуйте это пиво – и вы наверняка с нами согласитесь.$b$bИ не забудьте: если вам понравились дегустационные образцы, вы всегда можете приобрести больше пива у наших распространителей.$b$bНаслаждайтесь!$b$bКлуб ""Пиво месяца"".",,,,,,,,0xFF01FE,
200,,,,,,,,,"Пиво по заявкам",,,,,,,,0xFF01FE,,,,,,,,,"Здравствуйте, $n!$b$b В прошлом месяце мы получили множество заявок от членов нашего клуба, желающих попробовать более легкое и газированное пиво. Мы пытались объяснить им, что наш клуб называется ""Пиво месяца"", а не ""Шампанское месяца"", но переубедить их не удалось. К счастью, наше новое пиво должно удовлетворить их запросы. $b$b И не забудьте: если вам понравились образцы, вы всегда можете приобрести больше пива у наших распространителей.$b$bПейте на здоровье!$b$bКлуб ""Пиво месяца"".",,,,,,,,0xFF01FE,
201,,,,,,,,,"Пришла весна!",,,,,,,,0xFF01FE,,,,,,,,,"Здравствуйте, $n!$b$b Весна идет, весне дорогу! В этом месяце мы предлагаем вам попробовать наше новое пиво, ""Весенний портер"". Этот освежающий напиток идеально подходит для самого радостного времени года.$b$b Продегустируйте этот образец и приходите к нашим распространителям за добавкой!$b$bКлуб ""Пиво месяца"".",,,,,,,,0xFF01FE,
202,,,,,,,,,"Горячая новинка",,,,,,,,0xFF01FE,,,,,,,,,"$n!$b$b в этом месяце мы предлагаем горячую новинку – лагер Черной горы! $b$bЕсли вам понравился этот дегустационный образец, вы всегда можете приобрести больше у наших распространителей.$b$bПейте на здоровье!$b$bКлуб ""Пиво месяца"".",,,,,,,,0xFF01FE,
203,,,,,,,,,"Опасное пиво",,,,,,,,0xFF01FE,,,,,,,,,"Доброго вам времени суток, $n!$b$b Сегодня мы приготовили для вас особенное пиво. Ради этого чудесного напитка члены нашего клуба пересекли джунгли Тернистой долины!$b$b Не забудьте: если вам понравились дегустационные образцы, вы всегда можете приобрести больше пива у наших распространителей.$b$bПейте на здоровье!$b$bКлуб ""Пиво месяца"".",,,,,,,,0xFF01FE,
204,,,,,,,,,"Пиво, которое вы не забудете",,,,,,,,0xFF01FE,,,,,,,,,"Добрый день, $n!$b$b Иногда мы готовы обойти весь свет в поисках лучшего пива. Пиво этого месяца прибыло издалека, но нам кажется, что оно достойно таких усилий.$b$bИ не забудьте: если вам понравились дегустационные образцы, вы всегда можете приобрести больше пива у наших распространителей.$b$bНаслаждайтесь!$b$bКлуб ""Пиво месяца"".",,,,,,,,0xFF01FE,
205,,,,,,,,,"Это пиво вам понравится!",,,,,,,,0xFF01FE,,,,,,,,,"Приветствуем, $n!$b$b Пиво этого месяца не может оставить равнодушным – оно может либо нравиться, либо вызывать восхищение. Оставим это на ваш выбор.$b$b Если вам понравились дегустационные образцы, вы всегда можете приобрести наше пиво у наших распространителей.$b$bПейте на здоровье!$b$bКлуб ""Пиво месяца"".",,,,,,,,0xFF01FE,
206,,,,,,,,,"Осенняя элегия",,,,,,,,0xFF01FE,,,,,,,,,"Здравствуйте, $n!$b$b В этом месяце мы празднуем наступление осени! Нам кажется, что новое пиво месяца как нельзя лучше передает настроение этого сезона. Однако не верьте нам на слово – попробуйте сами!$b$bЕсли вам понравились дегустационные образцы, вы всегда можете приобрести больше у наших распространителей.$b$bПейте на здоровье!$b$bКлуб ""Пиво месяца"".",,,,,,,,0xFF01FE,
207,,,,,,,,,"Пиво, которое понравится не только вам",,,,,,,,0xFF01FE,,,,,,,,,"Приветствуем вас, $n!$b$bНадеемся, что прошлый год оставил у вас только приятные воспоминания, ибо все прочие легко прогнать, заглянув к нашим продавцам и угостившись последним пивом уходящего года: ""Горьким пойлом Бартлетта"". Несравненный вкус и тяжелый удар по печени!$b$b Не забудьте поделиться этими дегустационными образцами со своими друзьями!$b$bКлуб ""Пиво месяца"".",,,,,,,,0xFF01FE,
208,,,,,,,,,"Мороз по коже",,,,,,,,0xFF01FE,,,,,,,,,"$gДорогой:Дорогая; $n!$b$bПрошлым летом некоторые члены нашего клуба одолели могучего Повелителя Холода. Но самое главное – они обнаружили тайник с запасами его личного пива! Нам удалось запасти большое количество этого редкого напитка, который сегодня мы предлагаем вам продегустировать.$b$b Если вам понравится этот освежающий эль, обратитесь к нашим поставщикам.$b$bПейте на здоровье! $b$bКлуб ""Пиво месяца"".",,,,,,,,0xFF01FE,
209,,,,,,,,,"Добро пожаловать в в клуб ""Пиво месяца""!",,,,,,,,0xFF01FE,,,,,,,,,"$gДорогой:Дорогая; $n!$b$bДобро пожаловать в клуб ""Пиво месяца""! В нашем клубе вы сможете попробовать лучшие образцы пива со всех уголков земли. $b$bКаждый месяц вы будете получать посылку с дегустационным образцом. Если вам понравится присланное пиво, отправляйтесь в Стальгорн в таверну ""Горючий камень"" и обратитесь к представителю клуба ""Пиво месяца"".$b$bПозвольте еще раз поздравить вас с тем, что вы решили к нам присоединиться.$b$bКлуб ""Пиво месяца"".",,,,,,,,0xFF01FE,
210,,,,,,,,,"Добро пожаловать в в клуб ""Пиво месяца""!",,,,,,,,0xFF01FE,,,,,,,,,"$gДорогой:Дорогая; $n!$b$bДобро пожаловать в клуб ""Пиво месяца""! В нашем клубе вы сможете попробовать лучшие образцы пива со всех уголков земли. $b$bКаждый месяц вы будете получать посылку с дегустационным образцом. Если вам понравится присланное пиво, отправляйтесь в Пристанище Темнотерна, которое находится в Оргриммаре, в Аллее Духов, и обратитесь к представителю клуба ""Пиво месяца"".$b$bПозвольте еще раз поздравить вас с тем, что вы решили к нам присоединиться.$b$bКлуб ""Пиво месяца"".",,,,,,,,0xFF01FE,
211,,,,,,,,,"Поздравляем!",,,,,,,,0xFF01FE,,,,,,,,,"От имени Боевого Круга Хитрой Шестеренки мы поздравляем вас с успехом на арене!$B$BВ награду за проявленные храбрость и выучку мы дарим вам этого мстительного дракона Пустоты и надеемся, что он хорошо вам послужит!",,,,,,,,0xFF01FE,
212,,,,,,,,,"Новый год – новое пиво!",,,,,,,,0xFF01FE,,,,,,,,,"Приветствуем вас, $n!$b$b Как вас встретил новый год? Если удача вам еще не улыбнулась – отправляйтесь к нашим распространителям и попробуйте свежайшее пиво этого года! Оно непременно разбудит в вас зверя!$b$b Угощайтесь на здоровье и счастливого вам нового года!$b$bКлуб ""Пиво месяца"".",,,,,,,,0xFF01FE,
213,,,,,,,,,"Про это пиво нельзя забыть",,,,,,,,0xFF01FE,,,,,,,,,"$n!$b$b Знаете ли вы, что некоторое пиво только улучшается при выдержке? Но хватит ли выдержки у вас самих, чтобы не отведать наше новое пиво прямо сейчас?$b$bНе забывайте – если вам понравились дегустационные образцы, вы всегда можете приобрести больше пива у наших распространителей.$b$bНаслаждайтесь!$b$bКлуб ""Пиво месяца"".",,,,,,,,0xFF01FE,
214,,,,,,,,,"Свежее пиво",,,,,,,,0xFF01FE,,,,,,,,,"Приветствуем вас, $n!$b$bВсе мы любим ароматизированное пиво – и нет для этого напитка лучшей добавки, чем мед. Его сладкий аромат любят все живые существа от мала до велика. Попробуйте это пиво – и вы наверняка с нами согласитесь.$b$bИ не забудьте: если вам понравились дегустационные образцы, вы всегда можете приобрести больше пива у наших распространителей.$b$bНаслаждайтесь!$b$bКлуб ""Пиво месяца"".",,,,,,,,0xFF01FE,
215,,,,,,,,,"По вашим заявкам",,,,,,,,0xFF01FE,,,,,,,,,"Здравствуйте, $n!$b$b В прошлом месяце мы получили множество заявок от членов нашего клуба, желающих попробовать более легкое и газированное пиво. Мы пытались объяснить им, что наш клуб называется ""Пиво месяца"", а не ""Шампанское месяца"", но переубедить их не удалось. К счастью, наше новое пиво должно удовлетворить их запросы. $b$bИ не забудьте: если вам понравились образцы, вы всегда можете приобрести больше пива у наших распространителей.$b$bПейте на здоровье!$b$bКлуб ""Пиво месяца"".",,,,,,,,0xFF01FE,
216,,,,,,,,,"Время встречать весну!",,,,,,,,0xFF01FE,,,,,,,,,"Здравствуйте, $n!$b$b Весна идет, весне дорогу! В этом месяце мы предлагаем вам попробовать наше новое пиво, ""Весенний портер"". Этот освежающий напиток идеально подходит для самого радостного времени года.$b$b Продегустируйте этот образец и приходите к нашим распространителям за добавкой!$b$bКлуб ""Пиво месяца"".",,,,,,,,0xFF01FE,
217,,,,,,,,,"Горячая новинка",,,,,,,,0xFF01FE,,,,,,,,,"$n!$b$b в этом месяце мы предлагаем горячую новинку – светлое пиво Черной горы! $b$bЕсли вам понравился этот дегустационный образец, вы всегда можете приобрести больше у наших распространителей.$b$bПейте на здоровье!$b$bКлуб ""Пиво месяца"".",,,,,,,,0xFF01FE,
218,,,,,,,,,"Чудесное пиво",,,,,,,,0xFF01FE,,,,,,,,,"Доброго вам времени суток, $n!$b$b Сегодня мы приготовили для вас особенное пиво. Ради этого чудесного напитка члены нашего клуба пересекли джунгли Тернистой долины!$b$b Не забудьте: если вам понравились дегустационные образцы, вы всегда можете приобрести больше пива у наших распространителей.$b$bПейте на здоровье!$b$bКлуб ""Пиво месяца"".",,,,,,,,0xFF01FE,
219,,,,,,,,,"Это пиво вы не забудете!",,,,,,,,0xFF01FE,,,,,,,,,"Добрый день, $n!$b$b Иногда мы готовы обойти весь свет в поисках лучшего пива. Пиво этого месяца прибыло издалека, но нам кажется, что оно достойно таких усилий.$b$bИ не забудьте: если вам понравились дегустационные образцы, вы всегда можете приобрести больше пива у наших распространителей.$b$bНаслаждайтесь!$b$bКлуб ""Пиво месяца"".",,,,,,,,0xFF01FE,
220,,,,,,,,,"Пиво, которое вы полюбите",,,,,,,,0xFF01FE,,,,,,,,,"Привет, $n!$b$b Пиво этого месяца не может оставить равнодушным – оно может либо нравиться, либо вызывать восхищение. Оставим это на ваш выбор.$b$b Если вам понравились дегустационные образцы, вы всегда можете приобрести больше у наших распространителей.$b$bПейте на здоровье!$b$bКлуб ""Пиво месяца"".",,,,,,,,0xFF01FE,
221,,,,,,,,,"Осеннее пиво",,,,,,,,0xFF01FE,,,,,,,,,"Здравствуйте, $n!$b$b В этом месяце мы празднуем наступление осени! Нам кажется, что новое пиво месяца как нельзя лучше передает настроение этого сезона. Однако не верьте нам на слово – попробуйте сами!$b$bЕсли вам понравились дегустационные образцы, вы всегда можете приобрести больше у наших распространителей.$b$bПейте на здоровье!$b$bКлуб ""Пиво месяца"".",,,,,,,,0xFF01FE,
222,,,,,,,,,"Веселье для вас и ваших друзей",,,,,,,,0xFF01FE,,,,,,,,,"Приветствуем вас, $n!$b$bНадеемся, что прошлый год оставил у вас только приятные воспоминания, ибо все прочие легко прогнать, заглянув к нашим продавцам и угостившись последним пивом уходящего года: ""Горьким пойлом Бартлетта"". Несравненный вкус и тяжелый удар по печени!$b$b Не забудьте поделиться этими дегустационными образцами со своими друзьями!$b$bКлуб ""Пиво месяца"".",,,,,,,,0xFF01FE,
223,,,,,,,,,"Холодное пиво",,,,,,,,0xFF01FE,,,,,,,,,"$gДорогой:Дорогая; $n!$b$bПрошлым летом некоторые члены нашего клуба одолели могучего Повелителя Холода. Но самое главное – они обнаружили тайник с запасами его личного пива! Нам удалось запасти большое количество этого редкого напитка, который сегодня мы предлагаем вам продегустировать.$b$b Если вам понравится этот освежающий эль, обратитесь к нашим поставщикам.$b$bПейте на здоровье! $b$bКлуб ""Пиво месяца"".",,,,,,,,0xFF01FE,
224,,,,,,,,,"Уроки верховой езды в Элвиннском лесу",,,,,,,,0xFF01FE,,,,,,,,,"Здравствуйте, $n!$B$BЯ хочу предложить вам свои услуги персонального тренера. Если вас заинтересовало данное предложение, обратитесь ко мне на Лесопилку Восточной долины. Плата за обучение составляет всего четрыре золотых монеты.$B$BЕсли же вы захотите приобрести лошадь после окончания обучения, то я рекомендую обратиться к Кати Охотнице, которая предлагает широкий выбор благородных скакунов по цене не больше одного золотого.$B$BС наилучшими пожеланиями, Рандал Охотник.",,,,,,,,0xFF01FE,
225,,,,,,,,,"Уроки верховой езды в Дарнасе",,,,,,,,0xFF01FE,,,,,,,,,"Здравствуйте, $gуважаемый:уважаемая; $n!$B$BЯ предлагаю вам услуги персонального тренера по верховой езде. Если вас заинтересовало это предложение, я буду ждать вас в Анклаве Кенария в Дарнасе. Стоимость услуг – всего четыре золотых монеты.$B$BЕсли после окончания обучения вы захотите приобрести верховое животное, обратитесь к дрессировщику саблезубов Леланаю, который предложит вам широкий выбор благородных зверей по цене не больше одного золотого.$B$BЖелаю удачи. Джартсам.",,,,,,,,0xFF01FE,
226,,,,,,,,,"Уроки верховой езды в Дун Мороге",,,,,,,,0xFF01FE,,,,,,,,,"Эй, $gдружище:подруга;! Хочешь научиться ездить верхом? Тогда приходи ко мне на Ферму Янтарленов, которая находится вдоль дороги к востоку от Стальгорна.$B$BЯ беру всего четыре золотых монеты за урок. А если потом тебе захочется прокатиться на баране, Верон Янтарлен продаст тебе любого породистого скакуна по цене не больше одного золотого.$B$B- Ультам",,,,,,,,0xFF01FE,
227,,,,,,,,,"Уроки верховой езды в Экзодаре",,,,,,,,0xFF01FE,,,,,,,,,"Здравствуйте, $n!$B$BЯ хочу предложить вам свои услуги персонального тренера. Если вас заинтересовало данное предложение, обратитесь ко мне у входа в Экзодар. Плата за обучение составляет всего четыре золотых монеты.$B$BЕсли же вы захотите приобрести элекка после окончания обучения, то я рекомендую обратиться к Тораллиусу Пастуху, который предлагает широкий выбор благородных скакунов по цене не больше одного золотого.$B$BС наилучшими пожеланиями, Аалун.",,,,,,,,0xFF01FE,
228,,,,,,,,,"Уроки верховой езды в Дун Мороге",,,,,,,,0xFF01FE,,,,,,,,,"Привет, $n! Надоело ходить пешком? Мы с Милли ждем тебя в Поселке Сталежара, к северо-востку от Караноса.$B$BВсего за четыре золотые монеты я научу тебя верховой езде, а если тебе захочется иметь собственного механодолгонога, то Милли не возьмет с тебя больше одного золотого!$B$BС надеждой на скорую встречу, Бинджи.",,,,,,,,0xFF01FE,
229,,,,,,,,,"Уроки верховой езды в Мулгоре",,,,,,,,0xFF01FE,,,,,,,,,"Приветствую тебя, $gотважный:отважная;$n.$B$BХочу предложить тебе свои услуги персонального тренера по верховой езде. Если ты желаешь обучиться этому мастерству, навести меня в Деревне Кровавого Копыта. Мои услуги стоят недорого – всего четыре золотые монеты.$B$BЕсли тебе захочется приобрести кодо после окончания обучения, Харб Точеное Копыто предложит твоему вниманию огромный ассортимент благородных животных по цене не дороже одного золотого.$B$BДоброго пути. Кар.",,,,,,,,0xFF01FE,
230,,,,,,,,,"Уроки верховой езды в Дуротаре",,,,,,,,0xFF01FE,,,,,,,,,"Хочешь ездить верхом, $n? Приходи в Деревню Сен'джин! Всего четыре золотые монеты – и ты в седле!$B$BМожет быть, тебе нужен верховой ящер? Поговори с Зьольниром! Он продаст тебе отличного зверя всего за один золотой – а то и меньше.$B$BИ берегись вуду!$B$BКсар'Ти.",,,,,,,,0xFF01FE,
231,,,,,,,,,"Уроки верховой езды в Оргриммаре",,,,,,,,0xFF01FE,,,,,,,,,"Слава Орде, $n.$B$BЯ – тренер по верховой езде в Оргриммаре. Если у вас возникло желание обучиться этому искусству, жду вас в Аллее Чести. Оплата за занятия составляет всего четыре золотые монеты.$B$BЗдесь же вы можете выбрать себе верхового волка из огромного ассортимента этих величественных животных на псарне Огуунаро Волкопаса. Любой волк обойдется вам не дороже одного золотого. $B$B-Кильдар",,,,,,,,0xFF01FE,
232,,,,,,,,,"Уроки верховой езды в Лесах Вечной Песни",,,,,,,,0xFF01FE,,,,,,,,,"$gУважаемый господин:Уважаемая госпожа; $n!$B$BХочу предложить Вашему вниманию услуги персонального тренера верховой езды. Если Вы пожелаете обучиться этому искусству, я буду ждать Вас в стойлах Турона на входе в Луносвет, у Врат Пастыря. Плата за занятия составит всего лишь четыре золотые монеты.$B$BЕсли Вы захотите купить и верховое животное, заводчица Винестра предлагает широкий выбор крылобегов не дороже одного золотого.$B$BИскренне Ваш, Пераскамин.",,,,,,,,0xFF01FE,
233,,,,,,,,,"Уроки верховой езды в Тирисфальских лесах",,,,,,,,0xFF01FE,,,,,,,,,"$gУважаемый господин:Уважаемая госпожа; $n,$B$Bхочу предложить Вашему вниманию услуги персонального тренера верховой езды. Если Вы желаете обучиться этому искусству, я буду ждать Вас в Брилле. Плата за занятия составит всего лишь тридцать пять золотых монет.$B$BЕсли Вас также интересует верховое животное, Захария Пост предлагает широкий выбор лошадей, подходящих для ездока любой расы и комплекции, по цене, не превышающей десять золотых монет.$B$BИскренне Ваша,$BВельма Варнам.",,,,,,,,0xFF01FE,
234,,,,,,,,,"Будь осторожней",,,,,,,,0xFF01FE,,,,,,,,,"Кренна узнала, что мы освободили одного из звероловов, и пришла в ярость.$B$BЛучше не показывайся ей на глаза какое-то время – иначе мы оба окажемся в яме с медведями.$B$B-Горгонна",,,,,,,,0xFF01FE,
235,,,,,,,,,"Стремительная жевра",,,,,,,,0xFF01FE,,,,,,,,,"КОМУ: $n$B$BОТ: ООО ""Компания Эрнестуэя"" – доставка экзотических верховых животных$B$BСОДЕРЖИМОЕ ПОСЫЛКИ:$B$B- Жевра – 1 (одна) шт. $B$B- Седло для жевры – 1 (одна) шт.$B$B- Подковы для жевры – 4 (четыре) шт. $B$B- Запасные подковы для жевры – 2 (две) шт.$B$B- НЕ ПЕРЕКРЫВАТЬ ВЕНТИЛЯЦИОННЫЕ ОТВЕРСТИЯ -",,,,,,,,0xFF01FE,
236,,,,,,,,,"Во имя Света!",,,,,,,,0xFF01FE,,,,,,,,,"Кому: Верховному генералу Аббендис
Новый Авалон, земли Алого ордена",,,,,,,,0xFF01FE,
237,,,,,,,,,"",,,,,,,,0xFF01FC,,,,,,,,,"Огромное спасибо, что $gнавестил:навестила; меня сегодня. Приятно знать, что о нас кто-то помнит.",,,,,,,,0xFF01FE,
238,,,,,,,,,"",,,,,,,,0xFF01FC,,,,,,,,,"Огромное спасибо, что $gнавестил:навестила; меня сегодня. Приятно знать, что о нас кто-то помнит.",,,,,,,,0xFF01FE,
239,,,,,,,,,"",,,,,,,,0xFF01FC,,,,,,,,,"Огромное спасибо, что $gнавестил:навестила; меня сегодня. Приятно знать, что о нас кто-то помнит.",,,,,,,,0xFF01FE,
240,,,,,,,,,"",,,,,,,,0xFF01FC,,,,,,,,,"Спасибо, что $gнавестил:навестила; меня $N. Приятно знать, что обо мне не забыли.",,,,,,,,0xFF01FE,
241,,,,,,,,,"",,,,,,,,0xFF01FC,,,,,,,,,"Огромное спасибо, что $gнавестил:навестила; меня сегодня. Приятно знать, что о нас кто-то помнит.",,,,,,,,0xFF01FE,
242,,,,,,,,,"",,,,,,,,0xFF01FC,,,,,,,,,"Огромное спасибо, что $gнавестил:навестила; меня сегодня. Приятно знать, что о нас кто-то помнит.",,,,,,,,0xFF01FE,
243,,,,,,,,,"",,,,,,,,0xFF01FC,,,,,,,,,"Огромное спасибо, что $gнавестил:навестила; меня сегодня. Приятно знать, что о нас кто-то помнит.",,,,,,,,0xFF01FE,
244,,,,,,,,,"",,,,,,,,0xFF01FC,,,,,,,,,"Огромное спасибо, что $gнавестил:навестила; меня сегодня. Приятно знать, что о нас кто-то помнит.",,,,,,,,0xFF01FE,
245,,,,,,,,,"",,,,,,,,0xFF01FC,,,,,,,,,"Огромное спасибо, что $gнавестил:навестила; меня сегодня, прошу тебя, прими это как подарок к Празднику луны.",,,,,,,,0xFF01FE,
246,,,,,,,,,"",,,,,,,,0xFF01FC,,,,,,,,,"Огромное спасибо, что $gнавестил:навестила; меня сегодня, прошу тебя, прими это как подарок к Празднику луны.",,,,,,,,0xFF01FE,
247,,,,,,,,,"",,,,,,,,0xFF01FC,,,,,,,,,"Огромное спасибо, что $gнавестил:навестила; меня сегодня, прошу тебя, прими это как подарок к Празднику луны.",,,,,,,,0xFF01FE,
248,,,,,,,,,"",,,,,,,,0xFF01FC,,,,,,,,,"Огромное спасибо, что $gнавестил:навестила; меня сегодня, прошу тебя, прими это как подарок к Празднику луны.",,,,,,,,0xFF01FE,
249,,,,,,,,,"",,,,,,,,0xFF01FC,,,,,,,,,"Огромное спасибо, что $gнавестил:навестила; меня сегодня, прошу тебя, прими это как подарок к Празднику луны.",,,,,,,,0xFF01FE,
250,,,,,,,,,"",,,,,,,,0xFF01FC,,,,,,,,,"Огромное спасибо, что $gнавестил:навестила; меня сегодня, прошу тебя, прими это как подарок к Празднику луны.",,,,,,,,0xFF01FE,
251,,,,,,,,,"",,,,,,,,0xFF01FC,,,,,,,,,"Огромное спасибо, что $gнавестил:навестила; меня сегодня, прошу тебя, прими это как подарок к Празднику луны.",,,,,,,,0xFF01FE,
252,,,,,,,,,"",,,,,,,,0xFF01FC,,,,,,,,,"Огромное спасибо, что $gнавестил:навестила; меня сегодня, прошу тебя, прими это как подарок к Празднику луны.",,,,,,,,0xFF01FE,
253,,,,,,,,,"",,,,,,,,0xFF01FC,,,,,,,,,"Огромное спасибо, что $gнавестил:навестила; меня сегодня, прошу тебя, прими это как подарок к Празднику луны.",,,,,,,,0xFF01FE,
254,,,,,,,,,"",,,,,,,,0xFF01FC,,,,,,,,,"Огромное спасибо, что $gнавестил:навестила; меня сегодня, прошу тебя, прими это как подарок к Празднику луны.",,,,,,,,0xFF01FE,
255,,,,,,,,,"",,,,,,,,0xFF01FC,,,,,,,,,"Спасибо, что $gнавестил:навестила; меня $N. Приятно знать, что обо мне не забыли.",,,,,,,,0xFF01FE,
256,,,,,,,,,"",,,,,,,,0xFF01FC,,,,,,,,,"Огромное спасибо, что $gнавестил:навестила; меня сегодня, прошу тебя, прими это как подарок к Празднику луны.",,,,,,,,0xFF01FE,
257,,,,,,,,,"",,,,,,,,0xFF01FC,,,,,,,,,"Спасибо, что $gнавестил:навестила; меня $N. Приятно знать, что обо мне не забыли.",,,,,,,,0xFF01FE,
258,,,,,,,,,"",,,,,,,,0xFF01FC,,,,,,,,,"Спасибо, что $gнавестил:навестила; меня $N. Приятно знать, что обо мне не забыли.",,,,,,,,0xFF01FE,
259,,,,,,,,,"",,,,,,,,0xFF01FC,,,,,,,,,"Огромное спасибо, что $gнавестил:навестила; меня сегодня, прошу тебя, прими это как подарок к Празднику луны.",,,,,,,,0xFF01FE,
260,,,,,,,,,"",,,,,,,,0xFF01FC,,,,,,,,,"Спасибо, что $gнавестил:навестила; меня $N. Приятно знать, что обо мне не забыли.",,,,,,,,0xFF01FE,
261,,,,,,,,,"",,,,,,,,0xFF01FC,,,,,,,,,"Огромное спасибо, что $gнавестил:навестила; меня сегодня, прошу тебя, прими это как подарок к Празднику луны.",,,,,,,,0xFF01FE,
262,,,,,,,,,"Поздравляем!",,,,,,,,0xFF01FE,,,,,,,,,"От имени Боевого Круга Хитрой Шестеренки мы поздравляем вас с успехом на арене!$B$BВ награду за проявленные храбрость и выучку мы дарим вам этого Мстительного дракона Пустоты и надеемся, что он хорошо вам послужит!",,,,,,,,0xFF01FE,
263,,,,,,,,,"Пожалей глупышек!",,,,,,,,0xFF01FE,,,,,,,,,"Иди и покажи им настоящую любовь ирокезов!",,,,,,,,0xFF01FE,
264,,,,,,,,,"Вас манабонкнули!",,,,,,,,0xFF01FE,,,,,,,,,"Здорово, $n!
Помнишь, как тебя в овцу превратили в Даларане? Это был я, хе-хе, Минигоб Манабонк! Пишу письмо, чтобы ты $gбыл:была; в курсе, кто с тобой так обошелся. И вот что, раз уж я над тобой потешился, посылаю тебе свою волшебную палочку. Теперь можешь манабонкать своих друзей. Перед тем, как превращать их во что-нибудь, скажи, что тебя прислал Минигоб Манабонк.

- Минигоб Манабонк",,,,,,,,0xFF01FE,
265,,,,,,,,,"Серебряный турнир",,,,,,,,0xFF01FE,,,,,,,,,"Серебряный Авангард предлагает Вам помериться силами с другими героями Азерота на Серебряном турнире. Самые отважные представители всех народов мира встретились на ристалище Серебряного турнира в северо-восточной части Ледяной Короны, готовые принять любой вызов.",,,,,,,,0xFF01FE,
266,,,,,,,,,"Поздравляем!",,,,,,,,0xFF01FE,,,,,,,,,"От имени Боевого Круга Хитрой Шестеренки мы поздравляем вас с успехом на арене!$B$BВ награду за проявленные храбрость и выучку мы дарим вам этого ледяного змея смертоносного гладиатора и надеемся, что он хорошо вам послужит!",,,,,,,,0xFF01FE,
267,,,,,,,,,"Примите поздравления!",,,,,,,,0xFF01FE,,,,,,,,,"От имени Боевого Круга Хитрой Шестеренки мы поздравляем вас с успехом на арене!$B$BВ награду за проявленные храбрость и выучку мы дарим вам этого ледяного змея гневного гладиатора и надеемся, что он хорошо вам послужит!",,,,,,,,0xFF01FE,
268,,,,,,,,,"СРОЧНО ТРЕБУЕТСЯ ПОМОЩЬ",,,,,,,,0xFF01FE,,,,,,,,,"Сироты Нордскола взывают к вашей помощи, и в ваших силах помочь им. Нужно немного: гораздо меньше, чем вы потратили бы на кружку кунгалуша. Так что если хотите помочь такому же сиротке, как крошка Ру или малютка Кекек, просто обратитесь к попечительнице сирот Арии в Даларане. От вашего участия зависит жизнь маленького оракула или щеночка-волчера. Не медлите!",,,,,,,,0xFF01FE,
269,,,,,,,,,"От Ру",,,,,,,,0xFF01FE,,,,,,,,,"$gДорогой:Дорогая; $N!$B$BМы по тебе очень скучаем. Всем понравилась история о встрече с Великим, теперь все тоже хотят его повстречать. Некоторым рассказам никто не верит. Все думают, что про королеву драконов и святилище мы придумали сами. Они просто завидуют нам.$B$BА в приюте теперь стало лучше. Попечительница водит нас играть в парк, иногда нам дарят новые игрушки, но тут все равно одиноко. Хочется к тебе в гости. Может, сводишь нас еще куда-нибудь? Как тебе такая идея?$B$BТвой друг,$BРу.",,,,,,,,0xFF01FE,
270,,,,,,,,,"От Кекека",,,,,,,,0xFF01FE,,,,,,,,,"$gДорогой:Дорогая; $N!$B$BКекек не очень умеет писать, напишет только коротенькое письмо. Воспитательница нашла старую книгу про зеленые холмы, о которой говорил Эрнестуэй. Я почитал, было интересно, как стать великим охотником: таким как ты или Эрнестуэй. Наверно, надо много слов знать, чтоб быть хорошим охотником. $B$BКекек хочет попробовать кое-что, о чем пишут в книге. Можно Кекек приедет и ты поохотишься вместе с ним? Кекек обещает, что чужую добычу убивать не будет.$B$BТвой друг,$BКекек.",,,,,,,,0xFF01FE,
271,,,,,,,,,"Признание заслуг",,,,,,,,0xFF01FE,,,,,,,,,"Ваши успехи и несомненный талант, проявленный в ювелирном деле, не остались незамеченными. Вы выполняете свою работу с гордостью и профессионализмом, и для нас очень важно поддерживать эту традицию.

К этому письму я приложил знак признания ваших заслуг. Принесите его мне, и к этому знаку я присовокуплю достойную награду.

Тимоти Джонс",,,,,,,,0xFF01FE,
272,,,,,,,,,"Обучение верховой езде на уровне подмастерья под Луносветом",,,,,,,,0xFF01FE,,,,,,,,,"$gУважаемый господин:Уважаемая госпожа; $n!$B$BПишу вам еще раз и спешу сообщить, что вы можете обучиться у меня верховой езде на быстрых верховых животных за скромную плату в 50 золотых. Вы найдете меня в стойлах Турона, к юго-востоку от Врат Пастыря, что на входе в Луносвет.$B$BЕсли Вы захотите купить и стремительное верховое животное, заводчица Винестра предлагает широкий выбор крылобегов не дороже десяти золотых монет.$B$BУдачных вам путешествий.$BПераскамин.",,,,,,,,0xFF01FE,
273,,,,,,,,,"Обучение верховой езде на уровне подмастерья в Экзодаре",,,,,,,,0xFF01FE,,,,,,,,,"Здравствуйте, $n!$B$BЯ хочу предложить вам обучение верховой езде на уровне подмастерья. Если вас заинтересовало данное предложение, обратитесь ко мне, вы найдете меня у входа в Экзодар. Плата за обучение составляет всего пятьдесят золотых монет.$B$BЕсли же вы захотите приобрести стремительного элекка, то я рекомендую обратиться к Тораллиусу Пастуху – он предлагает широкий выбор благородных скакунов по цене не больше десяти золотых монет.$B$BС наилучшими пожеланиями, Аалун.",,,,,,,,0xFF01FE,
274,,,,,,,,,"Обучение верховой езде на уровне подмастерья в Дун Мороге",,,,,,,,0xFF01FE,,,,,,,,,"Эй, $gдружище:подруга;! Хочешь научиться быстро ездить верхом? Тогда приходи ко мне на Ферму Янтарленов, которая находится вдоль дороги к востоку от Стальгорна.$B$BЯ беру всего пятьдесят золотых за урок. А если потом тебе захочется купить стремительного барана, Верон Янтарлен продаст тебе любого породистого скакуна по цене не больше десяти золотых монет.$B$BУльтам",,,,,,,,0xFF01FE,
275,,,,,,,,,"Обучение верховой езде на уровне подмастерья в Дун Мороге",,,,,,,,0xFF01FE,,,,,,,,,"Приветствую тебя, $n! Ты, наверное, мечтаешь о том, чтобы ездить БЫСТРЕЕ? Не медли, заскочи к нам с Милли в Поселок Сталежара, это к северо-востоку от Караноса.$B$BЯ обучу тебя верховой езде на уровне подмастерья всего за 50 золотых, ну а если тебе нужен еще и стремительный механодолгоног, то Милли соберет его для тебя за 10 золотых!$B$BНадеюсь на скорую встречу,$B$BБинджи",,,,,,,,0xFF01FE,
276,,,,,,,,,"Обучение верховой езде на уровне подмастерья в Элвиннском лесу",,,,,,,,0xFF01FE,,,,,,,,,"$GУважаемый:Уважаемая; $N!$B$BНапоминаю вам, что у меня вы можете обучиться верховой езде на уровне подмастерья за скромную плату в 50 золотых. Навестите меня на Лесопилке Восточной долины, что у дороги, ведущей из Штормграда на восток.$B$BЕсли вы захотите приобрести стремительную лошадь после окончания обучения, то я рекомендую обратиться к Кати Охотнице, которая предлагает широкий выбор благородных скакунов по цене не больше десяти золотых монет.$B$BС наилучшими пожеланиями, Рандал Охотник.",,,,,,,,0xFF01FE,
277,,,,,,,,,"Обучение верховой езде на уровне подмастерья в Дарнасе",,,,,,,,0xFF01FE,,,,,,,,,"Здравствуйте, $gуважаемый:уважаемая; $n!$B$BЯ предлагаю вам обучиться верховой езде на уровне подмастерья. Если вас заинтересовало это предложение, я буду ждать вас в Анклаве Кенария в Дарнасе. Стоимость услуг – всего пятьдесят золотых монет.$B$BЕсли вы хотите приобрести стремительное верховое животное, обратитесь к дрессировщику саблезубов Леланаю, который предложит вам широкий выбор благородных зверей по цене не больше десяти золотых монет.$B$BЖелаю удачи. Джартсам.",,,,,,,,0xFF01FE,
278,,,,,,,,,"Обучение верховой езде на уровне подмастерья в Оргриммаре",,,,,,,,0xFF01FE,,,,,,,,,"Сила и честь, $n.$B$BЕсли ты хочешь обучиться верховой езде на быстрых верховых животных, приезжай в Аллею Чести и обратись ко мне. За обучение я возьму всего пятьдесят золотых.$B$BЕсли ты также $Gзаинтересован:заинтересована; в покупке стремительного волка, ступай к Огунаро Волкопасу, он берет не более 10 золотых за своих благородных питомцев.$B$BКильдар",,,,,,,,0xFF01FE,
279,,,,,,,,,"Обучение верховой езде на уровне подмастерья в Мулгоре",,,,,,,,0xFF01FE,,,,,,,,,"Приветствую тебя, $gотважный:отважная;$n.$B$BХочу предложить тебе обучиться верховой езде на уровне подмастерья. Навести меня в Деревне Кровавого Копыта. Мои услуги стоят недорого – всего пятьдесят золотых монет.$B$BЕсли ты хочешь приобрести стремительного кодо, Харб Точеное Копыто предложит твоему вниманию огромный ассортимент благородных животных по цене не дороже десяти золотых монет.$B$BДоброго пути. Кар.",,,,,,,,0xFF01FE,
280,,,,,,,,,"Обучение верховой езде на уровне подмастерья в Дуротаре",,,,,,,,0xFF01FE,,,,,,,,,"Хочешь научиться БЫСТРО ездить, $n? Заскочи ко мне в Деревню Сен'джин. Всего за 50 золотых я научу тебя верховой езде на уровне подмастерья.$B$BПотом тебе наверняка потребуется стремительный ящер для БЫСТРОЙ езды. Тогда поговори со Зьольниром. Он продаст тебе зверя за 10 золотых, а то и меньше.$B$BУбоись колдунства!$B$BКсар'Ти",,,,,,,,0xFF01FE,
281,,,,,,,,,"Обучение верховой езде на уровне подмастерья у Подгорода",,,,,,,,0xFF01FE,,,,,,,,,"$gУважаемый господин:Уважаемая госпожа; $n!$B$BСпешу напомнить вам о том, что у меня вы можете оточить навык верховой езды. Если Вы желаете обучиться верховой езде на уровне подмастерья, я буду ждать Вас в Брилле. Плата за занятия составит всего лишь пятьдесят золотых монет.$B$BЕсли Вас также интересует приобретение стремительного верхового животного, Захария Пост предлагает широкий выбор лошадей по цене, не превышающей десять золотых монет.$B$BИскренне Ваша,$BВельма Варнам.",,,,,,,,0xFF01FE,
282,,,,,,,,,"Обучение полетам на верховом животном в Траллмаре",,,,,,,,0xFF01FE,,,,,,,,,"Здравствуй, $n.$B$BЕсли ты хочешь научиться полетам на уровне умельца, приезжай ко мне в Траллмар на острове Адского Пламени. Цена обучения – 250 золотых.$B$BЕсли после обучения ты захочешь купить верховое животное, Бана Дикая Грива с удовольствием продаст тебе его за 50 золотых.$B$BЖаубо",,,,,,,,0xFF01FE,
283,,,,,,,,,"Обучение полетам на верховом животном в Оплоте Чести",,,,,,,,0xFF01FE,,,,,,,,,"Привет, $gприятель:девчушка;! Хочешь научиться полетам на уровне умельца? Навести меня в Оплоте Чести на полуострове Адского Пламени.$B$BЦена невелика – всего 250 золотых, и если ты захочешь купить верховое животное для полетов, то моя добрая супруга Грунда продаст тебе одного из своих грифонов за 50 золотых.$B$BХарген",,,,,,,,0xFF01FE,
284,,,,,,,,,"Верховая езда на уровне искусника в Крепости Отваги",,,,,,,,0xFF01FE,,,,,,,,,"Здорово, $gдруг:девчонка;! Ты же хочешь научиться быстро летать? Если так, ищи меня в Крепости Отваги в Борейской тундре.$B$BПриготовь 5000 золотых за обучение и накинь еще 1000 сверху, если захочешь пройти курс полетов в непогоду для Нордскола.$B$BБыстрого летуна можешь купить у Дургана Громового Клюва за 100 золотых.$B$B- Майгра$B$BЕсли не можешь попасть в Нордскол, заходи к Харгену Бронзокрылу в Оплоте Чести на Полуострове Адского Пламени.",,,,,,,,0xFF01FE,
285,,,,,,,,,"Верховая езда на уровне искусника в Борейской тундре",,,,,,,,0xFF01FE,,,,,,,,,"Надеюсь, у тебя все хорошо, $n.$B$BЕсли ты хочешь научиться полетам на уровне искусника, навести меня в Крепости Песни Войны в Борейской тундре. Приготовь 5000 золотых за обучение и накинь еще 1000 сверху, если захочешь пройти курс полетов в непогоду специально для Нордскола.$B$BБыстрого летуна можешь купить у Тохфо Небесное Копыто за сотню золотых.$B$BСамамба$B$BЕсли не можешь попасть в Нордскол, заходи к укротителю ветрокрылов Жаубо в Траллмаре, что на Полуострове Адского Пламени.",,,,,,,,0xFF01FE,
286,,,,,,,,,"Поздравляем!",,,,,,,,0xFF01FE,,,,,,,,,"От имени Боевого Круга Хитрой Шестеренки мы поздравляем вас с успехом на арене!$B$BВ награду за проявленные храбрость и выучку мы дарим вам этого ледяного змея неумолимого гладиатора и надеемся, что он хорошо вам послужит!",,,,,,,,0xFF01FE,
287,,,,,,,,,"Поздравляем!",,,,,,,,0xFF01FE,,,,,,,,,"От имени Боевого Круга Хитрой Шестеренки мы поздравляем вас с успехом на арене!$B$BВ награду за проявленные храбрость и выучку мы дарим вам этого ледяного змея разгневанного гладиатора и надеемся, что он хорошо вам послужит!",,,,,,,,0xFF01FE,
288,,,,,,,,,"Операция ""Гномреган""",,,,,,,,0xFF01FE,,,,,,,,,"Благороднейший сэр/Очаровательная мадам!

Долг чести взывает ко всем доблестных представителям Альянса скорейшим образом отправиться в Стальгорн и подчиниться воле главного механика Меггакрута, короля гномов.*

Близок конец нашего пребывания в изгнании: операция ""Гномреган"" вот-вот начнется!**

* Адвокатор 2000 уведомил меня, что я не имею официальных полномочий отдавать приказы такого рода кому бы то ни было – но зато какая фраза! 

** Серьезно, приезжай, если получится. Спасибо!",,,,,,,,0xFF01FE,
289,,,,,,,,,"Падение Залазана",,,,,,,,0xFF01FE,,,,,,,,,"Братья мои и сестры!
Во имя наших предков Вол'джин, сын Сен'джина, взывает к войне! Слишком долго изменник Залазан, усыпив нашу бдительность, владычествовал на островах Эха, принадлежащих Черному Копью, и осквернял наших умерших черной магией.
Пришло время расправиться с ним раз и навсегда! Я буду помогать Вол'джину собирать войска у деревни Сен'джин. Направляйтесь туда и помогите нам свершить долгожданное правосудие над этим предателем!
Во славу Вол'джина,
Ванира",,,,,,,,0xFF01FE,
290,,,,,,,,,"Поздравляем, Покоритель!",,,,,,,,0xFF01FE,,,,,,,,,"От имени Боевого Круга Хитрой Шестеренки мы поздравляем вас с успехом на арене!$B$BЧтобы особо отметить вашу храбрость и свирепость, мы награждаем вас званием покорителя. Носите его с гордостью!",,,,,,,,0xFF01FE,
291,,,,,,,,,"Прогулочная ракета X-53",,,,,,,,0xFF01FE,,,,,,,,,"ПОЛУЧАТЕЛЬ: $N$B$BОТПРАВИТЕЛЬ: МОЗГ, Ракетные разработки$B$BСОДЕРЖИМОЕ:$B$B- Прогулочная ракета X-53 – 1 (одна) шт.$B$B- Ключ зажигания – 1 (одна) шт.$B$B- Катапультируемое кресло в хвостовой части – 1 (одна) шт.$B$B- Парашют – 0 (ноль) шт.",,,,,,,,0xFF01FE,
